Datetime,Water Level (m)
2026-04-15 12:00:00,-0.056487348
2026-04-15 13:00:00,-0.15522553
2026-04-15 14:00:00,-0.2504184
2026-04-15 15:00:00,-0.3050044
2026-04-15 16:00:00,-0.11134245
2026-04-15 17:00:00,0.15273567
2026-04-15 18:00:00,0.38676205
2026-04-15 19:00:00,0.5541498
2026-04-15 20:00:00,0.5964411
2026-04-15 21:00:00,0.46491268
2026-04-15 22:00:00,0.253006
2026-04-15 23:00:00,0.10214684
2026-04-16 00:00:00,-0.013888551
2026-04-16 01:00:00,-0.119672425
2026-04-16 02:00:00,-0.2211093
2026-04-16 03:00:00,-0.30826935
2026-04-16 04:00:00,-0.2766764
2026-04-16 05:00:00,0.04192002
2026-04-16 06:00:00,0.315678
2026-04-16 07:00:00,0.5308146
2026-04-16 08:00:00,0.638698
2026-04-16 09:00:00,0.58538014
2026-04-16 10:00:00,0.37180826
2026-04-16 11:00:00,0.20032492
2026-04-16 12:00:00,0.08209354
2026-04-16 13:00:00,-0.022181805
2026-04-16 14:00:00,-0.12680702
2026-04-16 15:00:00,-0.22374482
2026-04-16 16:00:00,-0.265628
2026-04-16 17:00:00,0.01210622
2026-04-16 18:00:00,0.309253
2026-04-16 19:00:00,0.5360961
2026-04-16 20:00:00,0.65443844
2026-04-16 21:00:00,0.5845182
2026-04-16 22:00:00,0.36785945
2026-04-16 23:00:00,0.19445866
2026-04-17 00:00:00,0.06899574
2026-04-17 01:00:00,-0.04108436
2026-04-17 02:00:00,-0.14856155
2026-04-17 03:00:00,-0.24951176
2026-04-17 04:00:00,-0.32914296
2026-04-17 05:00:00,-0.19380593
2026-04-17 06:00:00,0.1518183
2026-04-17 07:00:00,0.43025902
2026-04-17 08:00:00,0.6431847
2026-04-17 09:00:00,0.7183336
2026-04-17 10:00:00,0.5858077
2026-04-17 11:00:00,0.36605996
2026-04-17 12:00:00,0.21097311
2026-04-17 13:00:00,0.092029214
2026-04-17 14:00:00,-0.012393448
2026-04-17 15:00:00,-0.12204241
2026-04-17 16:00:00,-0.21835591
2026-04-17 17:00:00,-0.2055404
2026-04-17 18:00:00,0.13574763
2026-04-17 19:00:00,0.42463887
2026-04-17 20:00:00,0.63569325
2026-04-17 21:00:00,0.69430864
2026-04-17 22:00:00,0.5505536
2026-04-17 23:00:00,0.3302838
2026-04-18 00:00:00,0.17711784
2026-04-18 01:00:00,0.058098257
2026-04-18 02:00:00,-0.04843779
2026-04-18 03:00:00,-0.1603319
2026-04-18 04:00:00,-0.25912642
2026-04-18 05:00:00,-0.3161713
2026-04-18 06:00:00,-0.060419336
2026-04-18 07:00:00,0.27680773
2026-04-18 08:00:00,0.56043094
2026-04-18 09:00:00,0.74764717
2026-04-18 10:00:00,0.7490838
2026-04-18 11:00:00,0.5573263
2026-04-18 12:00:00,0.3469972
2026-04-18 13:00:00,0.20530419
2026-04-18 14:00:00,0.09286209
2026-04-18 15:00:00,-0.010009341
2026-04-18 16:00:00,-0.1129008
2026-04-18 17:00:00,-0.20420444
2026-04-18 18:00:00,-0.07377295
2026-04-18 19:00:00,0.26849085
2026-04-18 20:00:00,0.53289366
2026-04-18 21:00:00,0.70455545
2026-04-18 22:00:00,0.7111291
2026-04-18 23:00:00,0.5259816
2026-04-19 00:00:00,0.31710926
2026-04-19 01:00:00,0.17483877
2026-04-19 02:00:00,0.060812328
2026-04-19 03:00:00,-0.042319786
2026-04-19 04:00:00,-0.14719181
2026-04-19 05:00:00,-0.23680718
2026-04-19 06:00:00,-0.19108354
2026-04-19 07:00:00,0.16589382
2026-04-19 08:00:00,0.47958744
2026-04-19 09:00:00,0.73715156
2026-04-19 10:00:00,0.85590637
2026-04-19 11:00:00,0.7880431
2026-04-19 12:00:00,0.55933535
2026-04-19 13:00:00,0.3669583
2026-04-19 14:00:00,0.23388284
2026-04-19 15:00:00,0.12433928
2026-04-19 16:00:00,0.01989238
2026-04-19 17:00:00,-0.07805357
2026-04-19 18:00:00,-0.12711929
2026-04-19 19:00:00,0.12775488
2026-04-19 20:00:00,0.42899436
2026-04-19 21:00:00,0.6519137
2026-04-19 22:00:00,0.7490312
2026-04-19 23:00:00,0.66589934
2026-04-20 00:00:00,0.44722858
2026-04-20 01:00:00,0.2777658
2026-04-20 02:00:00,0.15486649
2026-04-20 03:00:00,0.05017753
2026-04-20 04:00:00,-0.04850577
2026-04-20 05:00:00,-0.1412407
2026-04-20 06:00:00,-0.20855026
2026-04-20 07:00:00,0.01339548
2026-04-20 08:00:00,0.34491816
2026-04-20 09:00:00,0.6313102
2026-04-20 10:00:00,0.8328784
2026-04-20 11:00:00,0.8926906
2026-04-20 12:00:00,0.7526931
2026-04-20 13:00:00,0.5227377
2026-04-20 14:00:00,0.35629523
2026-04-20 15:00:00,0.23794942
2026-04-20 16:00:00,0.1337837
2026-04-20 17:00:00,0.03456391
2026-04-20 18:00:00,-0.050083134
2026-04-20 19:00:00,-0.002676729
2026-04-20 20:00:00,0.30937657
2026-04-20 21:00:00,0.54846936
2026-04-20 22:00:00,0.7057056
2026-04-20 23:00:00,0.73719203
2026-04-21 00:00:00,0.5945787
2026-04-21 01:00:00,0.39165685
2026-04-21 02:00:00,0.2505077
2026-04-21 03:00:00,0.13895187
2026-04-21 04:00:00,0.04009508
2026-04-21 05:00:00,-0.0552646
2026-04-21 06:00:00,-0.13487545
2026-04-21 07:00:00,-0.10902589
2026-04-21 08:00:00,0.19328134
2026-04-21 09:00:00,0.47583416
2026-04-21 10:00:00,0.70854884
2026-04-21 11:00:00,0.848532
2026-04-21 12:00:00,0.85094887
